,map equation centrality rank,map equation centrality rank pr,modularity vitality rank,modularity vitality rank pr,community hub-bridge rank,community hub-bridge rank pr,community-based centrality rank,community-based centrality rank pr,degree centrality rank,betweenness centrality rank
0,212,266,222,223,314,409,231,320,215,270
487,35,34,104,563,71,55,71,33,33,38
249,7,7,4,5,23,13,17,17,7,7
500,103,107,36,58,86,253,106,130,104,71
269,349,410,703,413,388,443,364,457,348,529
518,53,43,140,162,125,159,95,141,52,40
761,256,279,248,796,447,482,298,435,243,282
772,23,21,332,84,47,66,34,51,23,14
777,37,40,23,21,77,43,55,43,37,77
322,452,439,425,344,430,576,381,399,412,348
574,274,329,491,403,416,495,327,387,269,424
95,43,53,228,694,67,118,69,90,43,110
98,108,121,81,42,203,261,151,179,108,126
99,42,36,107,69,95,100,59,72,38,24
351,28,25,14,14,41,73,35,38,28,12
605,213,277,473,228,265,457,277,374,216,421
654,392,353,778,726,333,355,351,349,375,255
194,60,79,68,83,172,258,73,94,63,106
703,180,210,243,206,46,52,80,93,181,307
467,441,515,370,565,504,522,430,489,443,538
1,636,546,758,526,608,559,643,625,633,207
512,252,236,73,61,214,180,311,308,244,175
38,370,234,309,252,505,448,476,485,349,249
326,358,333,573,742,410,386,440,440,350,219
369,281,242,128,152,482,389,399,377,270,194
391,449,496,415,406,385,474,459,525,444,340
398,788,782,628,641,743,740,786,785,782,763
2,618,625,522,336,649,663,672,685,596,682
335,308,237,305,471,486,538,415,474,284,312
130,328,250,158,200,575,453,378,385,285,166
634,344,278,255,247,479,528,462,559,286,260
653,619,573,328,519,628,680,646,648,597,524
683,100,96,250,110,181,314,174,221,99,54
478,245,200,476,468,449,510,383,327,217,135
3,243,314,300,314,299,310,263,294,245,552
496,12,14,8,9,24,22,15,11,12,16
20,552,614,533,542,453,451,530,547,551,635
44,47,59,477,787,75,131,60,82,49,183
83,132,160,123,112,184,195,175,173,126,274
338,233,256,103,86,425,465,249,278,218,230
339,31,35,25,26,50,39,31,30,31,39
394,83,88,339,340,84,87,74,80,81,209
645,45,46,53,52,110,114,49,48,44,78
158,69,100,474,520,117,168,88,125,72,245
169,242,315,257,264,300,311,190,203,246,527
203,33,39,464,196,61,84,42,65,34,108
692,4,3,5,6,17,19,12,15,3,5
212,104,90,367,214,156,75,142,76,105,79
461,0,0,1,3,6,3,2,2,0,1
708,324,371,167,171,377,404,245,252,317,491
225,275,357,195,240,439,507,292,367,271,584
4,87,104,116,98,16,18,33,34,88,200
252,155,175,599,761,53,67,67,99,153,179
499,25,24,661,562,7,7,11,10,25,26
14,13,12,159,155,3,4,4,5,14,17
743,348,412,211,197,79,101,160,185,351,586
47,11,8,15,19,20,9,16,9,9,8
539,284,346,770,735,101,125,165,161,287,447
53,169,181,194,205,82,104,122,121,168,138
784,98,106,532,462,28,32,41,47,100,217
790,3,4,208,218,1,0,0,0,4,13
325,141,172,65,82,22,24,43,60,141,341
92,38,41,270,216,13,17,28,24,41,83
588,290,345,191,302,350,335,278,279,288,435
353,15,18,164,138,4,6,5,4,18,36
360,106,116,120,134,21,23,40,50,109,201
367,202,216,400,298,212,254,128,155,200,204
129,78,89,119,97,42,47,47,55,82,169
134,283,336,371,397,153,166,191,184,289,350
631,340,367,291,668,511,554,496,487,318,467
638,49,58,169,195,11,12,21,21,50,137
401,86,97,470,586,25,30,36,41,89,174
164,200,254,420,574,59,77,97,117,201,360
173,14,15,61,37,5,5,7,8,15,28
671,1,1,2,2,0,1,1,1,1,2
443,56,62,338,300,80,142,76,120,56,72
207,8,9,607,573,2,2,3,3,8,21
702,167,203,256,198,88,117,81,109,169,216
468,124,98,56,60,176,167,213,212,115,37
479,29,33,199,187,10,10,13,16,29,47
485,282,358,790,722,102,123,158,178,290,412
5,117,111,350,303,135,216,139,220,116,88
242,377,368,561,523,136,153,214,248,376,192
243,143,114,50,44,58,74,108,135,142,97
255,221,282,102,93,174,282,211,306,202,560
18,486,493,361,363,541,543,480,477,478,406
758,664,597,658,623,760,762,675,736,634,198
528,550,604,768,793,448,475,511,541,552,542
37,381,453,134,121,266,384,374,471,377,661
49,158,194,101,90,133,230,155,239,154,478
552,624,595,330,334,666,670,680,688,598,516
67,400,395,531,391,502,635,412,447,378,275
372,116,138,784,710,155,237,145,213,117,182
381,172,195,113,101,147,245,197,317,170,334
382,145,182,747,758,195,283,168,226,143,336
383,485,511,342,330,538,547,467,434,479,437
409,244,248,106,136,199,320,282,417,247,193
656,173,207,80,77,132,229,201,282,171,428
421,30,30,315,290,30,36,26,42,30,45
690,54,64,54,57,91,165,102,96,53,64
208,515,593,654,612,483,560,510,565,512,659
458,222,241,133,116,191,295,242,357,219,220
462,21,20,17,23,33,60,22,23,21,20
6,249,285,478,776,245,231,184,199,248,368
23,188,166,86,64,85,96,153,180,182,184
544,247,249,527,781,185,217,189,222,249,310
305,6,5,3,4,19,15,8,6,5,3
323,26,29,32,24,55,31,29,39,26,30
573,95,86,105,104,170,162,63,71,90,100
589,420,461,110,80,187,173,302,332,413,665
103,555,608,799,547,455,529,487,544,553,613
615,111,119,85,87,204,188,86,91,110,119
127,112,120,139,130,169,170,107,107,111,125
385,114,161,585,498,38,38,50,67,118,442
400,159,147,395,412,157,171,124,127,155,163
163,17,23,0,0,32,33,18,19,13,11
439,223,209,171,177,279,309,180,191,220,188
454,453,501,166,170,340,354,441,438,445,587
463,85,68,90,114,52,62,62,78,83,85
7,632,674,475,472,306,345,460,475,635,572
510,510,572,669,636,256,274,352,382,513,392
747,608,631,241,243,520,523,589,599,599,666
587,199,226,189,173,48,54,87,105,203,309
191,310,354,143,125,62,71,137,150,319,401
215,375,428,249,225,94,116,193,205,379,531
8,653,567,178,183,573,501,683,647,636,553
288,305,220,78,63,370,264,408,365,291,151
566,736,720,577,395,718,647,769,722,724,727
575,471,334,575,544,583,536,543,453,446,102
151,433,342,125,123,450,368,478,414,414,234
397,539,398,302,204,556,454,674,594,514,338
171,652,586,272,294,605,544,667,639,637,610
9,755,780,785,795,738,712,744,739,752,749
616,67,51,349,117,73,68,90,68,64,67
622,32,27,18,18,57,63,38,32,32,25
10,558,638,485,442,574,461,483,416,554,657
301,325,348,129,149,480,357,314,276,320,367
555,273,281,161,169,273,238,301,265,272,239
788,120,126,372,232,190,89,169,101,119,145
154,115,110,647,619,128,137,111,106,120,89
11,538,469,320,556,525,631,572,613,515,405
13,2,2,6,1,12,11,9,14,2,0
782,576,622,245,401,650,633,521,566,555,540
798,713,677,450,698,652,763,726,741,697,718
368,735,746,587,582,699,716,736,742,725,741
170,181,174,362,239,308,358,247,290,172,146
686,382,330,602,647,367,628,434,572,380,121
222,61,50,27,56,118,80,104,97,57,22
472,402,313,138,181,411,471,484,531,381,440
12,192,212,176,175,261,272,178,175,183,152
254,34,37,11,12,26,29,32,31,35,29
21,424,435,321,341,320,317,377,379,415,485
297,533,548,749,568,567,406,490,395,516,452
299,84,83,108,109,64,70,77,75,84,133
356,229,198,234,250,207,196,270,224,221,170
611,39,48,30,15,89,102,51,57,39,57
133,518,545,421,427,498,511,471,446,517,580
380,22,22,118,48,36,46,27,28,22,43
431,191,211,698,600,234,204,182,170,184,295
711,118,146,216,374,140,140,115,134,121,203
714,362,366,779,798,339,346,279,291,352,342
230,330,343,638,591,317,324,274,245,321,399
725,637,684,515,536,518,513,574,578,638,647
244,499,544,631,447,584,654,519,571,480,365
248,99,42,26,29,197,158,140,110,58,19
253,109,113,269,575,113,210,141,200,112,86
502,553,532,352,621,443,676,506,631,518,279
257,63,66,346,335,83,91,75,77,65,69
507,51,72,21,11,177,197,54,63,45,46
748,434,488,285,190,564,600,463,480,416,480
25,96,92,35,33,235,202,91,92,91,149
757,322,382,93,88,224,330,316,442,322,627
284,9,13,10,10,9,56,10,12,10,15
43,289,360,289,309,337,336,268,309,292,434
536,580,615,616,436,639,693,603,656,556,486
292,203,183,220,224,213,212,196,219,204,59
775,40,45,47,40,87,41,66,37,42,68
298,595,531,266,320,446,679,581,708,600,347
781,354,364,334,222,415,486,331,403,353,189
553,20,16,22,31,18,14,19,18,20,4
558,105,125,555,786,158,151,116,119,106,224
69,10,11,9,8,8,8,6,7,11,23
563,232,267,252,260,244,234,240,258,222,449
796,122,115,114,85,182,191,136,151,122,75
75,18,10,7,7,43,25,23,20,16,9
567,450,460,418,756,490,592,464,552,447,536
88,16,19,19,20,39,40,20,22,17,27
585,55,77,48,34,148,169,84,115,54,84
100,246,301,508,360,229,265,217,268,250,464
106,91,85,337,251,146,208,113,165,92,96
377,125,99,795,357,263,61,156,70,123,82
136,135,132,552,465,252,369,150,240,127,92
628,448,452,406,550,386,634,472,560,448,411
633,198,180,419,430,374,430,260,263,185,81
665,668,692,271,729,497,720,632,714,665,755
179,323,308,71,102,484,502,192,227,205,326
435,496,476,387,392,524,577,534,615,481,594
449,5,6,13,16,14,16,14,13,6,10
205,19,17,12,13,34,28,24,27,19,18
452,417,454,354,553,344,526,379,472,417,551
466,255,289,373,368,366,351,255,250,251,351
475,136,151,203,319,227,401,183,283,128,197
240,197,214,79,280,356,134,200,122,186,277
739,418,440,762,503,334,410,303,319,418,454
256,546,611,514,791,714,707,528,585,519,453
745,425,479,200,203,338,348,397,405,419,497
26,142,144,745,696,49,58,68,66,144,113
521,231,258,644,656,276,279,204,223,223,301
527,312,388,274,256,78,98,146,167,323,545
51,549,642,581,736,407,480,414,458,557,674
543,411,483,651,705,165,218,250,292,420,565
564,162,186,379,411,192,184,167,177,156,261
329,240,290,323,376,116,132,135,158,252,441
348,299,223,397,370,243,390,256,328,293,130
361,684,707,683,697,720,741,611,634,666,655
387,625,534,663,296,739,459,591,513,558,396
390,204,229,345,329,248,246,205,187,206,228
395,154,165,267,234,40,42,64,73,157,218
640,127,124,153,111,72,97,89,100,129,101
182,211,265,501,679,66,93,103,124,224,355
450,560,646,318,327,617,625,479,484,559,676
204,165,134,64,70,223,215,252,251,158,90
220,473,417,344,356,609,640,465,459,449,232
235,153,202,141,164,29,35,52,69,159,433
482,287,320,254,238,164,203,207,217,294,344
483,217,247,736,552,188,239,133,176,225,167
15,610,568,554,584,545,479,612,535,601,490
30,570,445,137,140,398,307,558,466,560,591
276,613,487,351,242,508,398,617,542,602,664
533,590,562,677,669,703,698,634,595,561,318
547,140,129,130,677,264,72,203,95,130,147
306,612,535,237,259,470,399,553,490,603,564
627,48,31,165,276,74,44,93,53,46,6
16,470,411,218,210,589,572,535,503,450,268
762,547,607,509,554,591,637,578,597,562,566
59,374,255,213,285,526,477,385,286,295,181
364,107,102,109,46,247,294,161,164,101,52
149,497,512,643,628,592,541,523,514,482,514
152,577,554,635,667,621,581,597,606,563,519
646,128,159,192,166,161,235,218,261,131,154
428,700,712,502,521,624,621,693,682,698,734
440,689,700,482,495,761,757,681,679,667,583
200,660,610,645,648,735,750,711,693,639,361
17,604,581,348,773,696,349,539,388,520,612
261,314,397,684,724,126,143,194,197,324,472
290,62,65,306,576,54,88,61,54,66,116
545,663,679,601,474,767,561,629,570,640,636
453,119,136,564,230,186,45,159,64,113,243
464,629,600,403,451,715,455,544,429,564,619
42,503,448,689,700,613,422,529,465,483,385
797,175,191,422,438,242,228,238,256,173,235
74,170,170,298,265,44,49,83,98,174,129
569,651,617,449,463,615,651,613,641,641,645
172,493,485,411,292,521,514,503,558,484,563
426,423,429,719,733,380,387,418,433,421,439
19,408,304,168,402,590,614,610,589,382,325
770,685,667,558,555,728,730,689,706,668,688
45,492,414,173,184,389,304,536,451,485,473
785,718,709,586,578,771,768,709,692,699,596
789,262,164,201,297,347,291,322,315,253,51
795,316,284,712,712,534,555,507,497,296,199
324,583,578,393,603,667,684,641,630,565,595
344,505,459,366,231,641,656,620,627,486,363
621,403,295,427,441,466,499,514,517,383,206
636,584,539,122,165,629,662,725,699,566,652
650,409,385,646,627,606,611,550,614,384,265
209,695,687,729,744,769,747,682,690,669,629
238,621,589,312,324,679,687,703,680,604,689
46,371,316,283,287,485,525,349,336,354,153
54,593,651,621,614,565,568,569,562,605,607
166,532,529,465,720,610,587,538,540,521,278
167,219,240,115,158,357,343,187,186,226,222
36,479,552,224,235,322,331,447,410,487,533
374,298,337,461,518,321,327,306,257,297,455
221,148,157,40,43,90,86,157,147,145,272
717,502,436,442,454,619,650,533,509,488,305
22,743,757,665,680,780,776,696,695,726,713
357,280,193,297,306,491,503,400,398,254,128
224,296,318,538,782,360,352,300,298,298,289
727,383,419,443,466,262,290,257,262,385,462
493,671,710,637,423,530,484,588,600,670,696
271,451,481,174,172,246,262,345,378,451,466
525,92,87,204,317,63,76,70,83,93,171
773,160,189,596,629,152,164,125,148,160,370
311,70,71,326,533,92,105,57,61,73,91
80,740,739,688,704,770,786,715,723,727,589
612,516,582,640,650,401,460,425,461,522,568
143,146,148,454,456,143,155,96,85,146,160
389,481,503,769,506,403,371,403,401,489,377
420,483,536,524,522,341,370,401,430,490,535
183,291,340,365,384,257,255,265,260,299,526
189,628,658,787,509,762,751,624,677,606,601
24,357,392,772,769,409,407,346,304,355,418
754,73,81,718,748,124,126,105,114,74,161
565,36,32,177,188,68,21,48,26,36,41
317,189,173,60,50,175,144,226,231,187,118
330,666,699,630,655,601,632,630,646,671,651
332,94,101,67,62,106,103,129,116,94,297
662,65,56,154,191,159,148,117,111,67,60
666,385,456,666,635,421,427,411,366,386,573
720,64,70,197,129,151,64,100,58,68,94
484,482,494,333,347,303,337,406,381,491,557
538,293,327,717,189,327,108,348,172,300,419
310,697,738,773,715,614,758,644,730,700,739
315,326,319,433,783,390,186,339,230,325,244
82,58,55,358,414,112,26,79,36,59,73
358,93,91,549,486,130,59,109,56,95,144
629,157,177,570,400,134,183,130,137,161,191
693,509,627,618,678,292,321,402,424,523,709
541,474,400,190,193,603,612,565,549,452,354
295,178,127,685,221,301,136,186,126,175,80
62,631,688,325,318,260,284,422,445,642,698
64,74,94,132,122,200,154,45,49,75,196
307,399,421,706,475,475,277,329,237,387,470
799,387,416,246,246,476,466,269,293,388,414
122,309,221,336,437,535,251,326,300,301,122
153,484,557,471,754,444,423,355,370,492,585
424,756,778,781,780,744,727,717,710,753,761
27,477,525,739,772,378,424,398,408,493,359
489,442,495,142,131,208,244,323,380,453,641
508,464,312,329,371,422,339,446,402,454,205
70,333,383,691,681,399,402,335,343,326,394
378,386,420,612,616,353,362,330,351,389,408
138,81,75,42,73,35,57,56,79,85,105
647,318,347,453,449,226,266,243,249,327,352
486,235,208,31,30,220,206,336,344,227,498
28,461,465,76,81,355,366,527,520,455,754
503,196,171,37,38,215,205,289,289,188,280
259,177,158,34,32,205,187,290,284,176,104
752,394,387,75,79,331,340,500,464,390,522
780,393,386,55,59,307,312,488,470,391,707
56,237,201,39,41,238,221,328,330,228,357
146,164,133,29,27,183,172,267,275,162,225
679,490,508,91,94,393,395,555,553,494,760
446,102,74,46,47,144,138,166,166,102,56
455,236,188,38,39,239,222,318,331,229,300
29,131,156,492,548,142,141,132,103,132,291
729,220,272,694,763,249,241,227,174,230,315
737,378,444,282,310,283,298,360,301,392,544
746,384,430,273,351,473,315,367,302,393,459
72,295,341,317,194,288,109,309,171,302,575
610,329,268,355,489,500,378,444,353,303,208
384,82,84,500,512,76,78,85,89,86,109
147,44,44,206,220,56,53,46,46,47,117
655,187,218,144,100,131,124,209,211,189,391
415,353,418,235,236,259,260,285,310,356,530
673,321,378,445,485,271,280,295,270,328,515
685,380,467,593,592,383,382,361,386,394,614
228,315,381,408,380,93,111,172,194,329,520
495,367,230,378,432,364,289,354,338,357,223
404,680,640,238,254,514,441,650,604,672,725
678,646,583,290,311,512,437,631,596,643,600
229,301,142,162,178,274,200,395,273,304,98
31,749,727,713,709,794,795,756,727,728,555
664,722,660,432,446,781,777,758,774,701,609
32,88,54,63,67,251,69,154,59,69,55
262,341,351,672,610,506,537,493,448,330,259
266,241,251,767,713,216,267,239,160,255,287
33,41,52,356,182,15,20,30,25,48,132
35,76,78,58,36,233,270,123,118,70,50
764,72,82,155,156,154,145,101,108,76,99
41,121,128,268,213,241,232,244,136,124,103
303,472,533,792,609,640,462,504,391,456,611
791,302,302,186,283,412,240,380,271,305,187
73,265,270,775,332,509,333,333,214,256,378
77,214,227,724,361,471,300,334,202,207,257
79,139,112,170,431,267,79,163,87,133,62
89,336,369,541,473,394,463,369,397,331,479
91,151,162,389,338,269,285,199,113,147,211
336,501,540,674,774,670,444,563,444,495,623
125,161,184,751,620,230,214,251,189,163,115
659,79,69,207,263,196,27,94,40,77,63
168,152,139,798,367,282,110,202,104,148,173
416,368,332,653,626,489,247,340,235,358,324
668,369,339,426,651,477,198,426,274,359,202
670,797,798,613,661,788,681,797,758,783,764
187,206,204,440,291,461,278,291,196,190,256
434,57,63,83,66,69,85,78,86,60,61
197,215,222,221,163,462,296,287,232,208,264
689,407,431,565,643,602,374,451,345,395,525
504,404,432,150,342,560,476,337,371,396,426
511,649,701,562,569,721,731,600,598,644,716
285,52,76,94,65,31,37,39,44,55,134
60,313,292,589,559,108,127,188,204,332,159
314,195,217,217,267,311,414,262,253,191,349
102,126,176,152,176,27,34,44,62,134,430
140,97,103,181,258,209,160,131,133,96,241
399,168,213,313,288,45,50,72,84,177,281
675,179,190,521,394,384,417,261,329,178,168
451,174,179,135,118,309,301,210,188,164,127
226,311,394,183,179,70,83,148,156,333,517
34,75,49,233,237,168,201,173,162,78,34
247,455,468,701,349,499,584,427,495,457,240
264,27,26,20,22,60,48,37,35,27,35
531,391,426,699,541,454,531,391,426,397,382
534,504,399,591,785,680,597,567,432,458,292
546,454,497,567,543,487,579,475,516,459,469
55,257,269,175,147,361,438,296,346,257,263
786,489,551,682,625,515,595,513,537,496,546
554,744,702,572,583,778,717,776,751,729,684
63,270,275,728,737,313,328,324,361,273,331
118,205,233,469,325,201,176,228,210,209,248
375,277,306,507,670,358,458,353,389,274,495
131,427,480,278,707,426,549,468,533,422,429
139,775,749,737,500,795,721,783,779,754,765
648,693,668,341,226,758,629,764,711,673,766
430,658,637,409,293,749,626,712,669,645,643
190,524,384,578,274,691,542,596,554,497,157
233,729,731,386,571,642,783,735,788,730,656
520,186,187,100,96,81,112,143,169,192,229
279,339,335,223,399,463,580,386,415,334,337
293,611,626,757,388,596,434,618,579,607,673
551,238,238,59,76,417,347,241,297,231,156
312,319,303,99,127,127,181,253,305,335,402
595,207,167,382,416,281,297,272,341,210,74
109,80,73,41,53,37,51,58,74,87,65
113,77,60,84,74,231,252,164,168,71,33
392,342,352,277,434,513,565,481,481,336,284
652,432,438,276,295,547,569,491,454,423,314
417,176,131,314,209,284,273,312,281,179,48
667,304,322,229,339,510,552,445,473,306,330
672,267,291,69,71,97,128,206,244,275,317
481,138,135,88,141,304,122,177,129,135,114
362,551,577,543,369,456,421,501,486,567,384
65,447,455,667,359,452,627,492,524,424,571
116,673,686,401,277,571,515,668,652,674,671
363,702,728,743,771,671,661,704,691,702,697
39,599,655,624,717,532,418,566,483,608,675
66,226,243,388,248,255,94,254,140,232,416
320,225,232,582,241,270,90,264,144,233,316
340,250,271,540,727,295,129,266,153,258,358
214,360,375,225,219,431,439,332,337,360,346
40,776,715,466,482,772,770,793,793,755,767
597,373,105,741,730,563,593,432,418,234,32
674,777,716,467,483,773,771,794,794,756,768
592,110,141,675,606,236,192,119,143,114,251
608,589,492,375,289,724,497,697,563,568,254
121,147,149,702,740,206,199,198,195,149,120
379,540,584,525,673,656,512,571,498,524,501
460,320,361,437,676,219,286,275,277,337,387
251,459,413,510,375,351,329,420,392,460,294
768,279,215,611,105,382,150,310,266,276,226
568,716,694,692,497,730,566,713,666,703,720
97,338,253,212,192,427,396,347,303,338,140
260,317,406,147,128,272,367,358,436,339,507
272,101,130,44,113,96,185,144,218,103,397
294,457,474,458,464,459,464,419,441,461,398
68,89,118,98,148,100,175,120,182,97,413
571,520,594,636,611,493,487,477,427,525,590
352,182,257,77,92,173,269,233,307,193,593
112,413,519,124,153,302,428,449,543,425,690
157,350,425,244,211,316,412,384,420,361,620
160,68,95,650,764,99,156,121,145,79,178
408,201,262,87,144,193,299,273,355,211,267
176,286,389,62,106,221,350,350,421,307,722
177,24,28,51,51,51,82,25,29,24,44
180,129,168,319,404,163,233,195,233,136,304
447,183,239,57,68,160,257,259,335,194,410
759,137,57,157,132,166,99,258,159,137,42
550,300,244,472,275,371,211,366,295,308,158
787,397,323,311,372,362,288,433,358,398,302
282,769,772,479,492,704,722,770,780,757,751
609,495,514,594,588,555,601,540,550,498,465
437,598,587,605,702,533,419,604,502,609,504
245,355,359,760,660,372,220,359,299,362,403
738,285,294,196,168,396,468,320,425,309,165
505,535,542,548,377,550,545,518,568,526,311
278,50,47,28,17,119,81,53,45,51,58
50,327,362,392,560,305,161,343,209,340,386
572,46,38,16,28,114,65,65,52,40,31
81,376,408,126,154,348,546,307,347,399,247
84,396,299,231,316,494,425,494,359,400,227
630,677,690,580,409,546,496,609,586,675,625
181,251,286,148,159,253,236,283,254,259,488
682,519,565,434,386,557,445,554,439,527,534
198,405,363,227,593,527,596,455,508,401,177
687,725,754,413,460,611,493,705,637,731,769
48,659,590,404,455,736,562,684,629,646,579
300,627,543,546,549,731,553,653,616,610,444
318,694,649,534,577,750,615,714,649,676,608
576,534,370,727,634,692,573,606,527,499,238
601,210,117,559,345,171,243,212,243,212,53
128,475,273,780,398,648,420,559,400,426,112
175,278,152,72,115,129,322,216,372,277,155
663,414,471,574,747,285,372,315,356,427,581
280,421,443,764,659,423,275,416,311,428,436
105,641,602,789,734,751,599,640,590,611,483
459,356,373,489,652,335,193,371,241,363,374
52,615,609,331,352,598,539,676,642,612,561
114,264,196,232,355,434,408,376,342,260,148
470,372,328,376,419,478,411,410,360,364,339
231,436,307,151,150,576,590,649,650,429,364
334,412,404,299,322,277,302,276,314,430,407
341,364,393,708,775,404,375,362,339,365,512
371,224,260,649,433,179,225,185,207,235,327
423,365,377,172,139,445,602,342,375,366,246
776,478,564,230,229,323,332,424,423,500,624
268,422,463,759,790,381,381,382,363,431,376
753,59,61,131,255,109,95,92,81,61,66
658,476,516,503,587,432,652,448,610,501,356
661,537,558,455,693,685,677,580,523,502,487
473,523,527,438,279,577,578,512,505,528,328
731,395,379,74,78,332,341,495,482,402,606
736,462,472,111,108,391,394,517,507,462,582
137,260,235,24,25,222,209,375,369,261,683
219,346,396,459,631,107,146,208,236,367,296
465,542,486,547,531,668,603,524,518,529,283
722,428,427,89,89,354,365,515,510,432,541
57,747,736,714,718,789,787,765,753,732,548
345,661,574,262,266,732,725,747,756,647,537
58,563,618,188,261,481,616,607,686,569,570
246,276,252,490,613,359,478,365,455,278,136
142,710,729,709,706,740,759,730,740,704,724
794,429,407,441,658,523,521,457,499,433,262
691,782,789,680,686,663,673,748,754,784,770
61,559,620,550,750,572,533,531,529,570,637
275,150,155,292,337,202,189,176,132,150,141
694,134,109,777,365,189,152,181,193,138,95
596,431,422,423,452,536,582,450,491,434,415
414,271,325,588,589,293,305,286,318,279,457
448,388,446,253,249,328,342,370,404,403,599
267,334,356,160,167,294,271,404,364,341,427
281,254,288,52,55,211,163,294,269,262,549
283,194,225,668,723,286,259,152,154,195,298
319,426,478,483,551,433,405,393,334,435,532
354,163,178,33,35,138,115,223,198,165,420
123,193,197,436,487,275,242,149,149,196,231
223,487,569,324,354,441,415,442,422,503,634
126,263,297,202,157,405,527,305,267,263,213
184,511,592,452,443,217,227,321,352,530,626
347,600,657,398,421,516,508,598,592,613,677
620,650,652,284,422,580,742,659,737,648,704
624,712,726,296,453,622,766,720,768,705,771
635,683,675,360,350,620,754,694,765,677,500
730,230,245,247,269,194,179,222,208,236,242
733,596,662,648,426,460,433,509,515,614,631
537,292,309,198,201,324,361,236,234,310,215
132,363,350,156,217,495,467,341,350,368,195
193,113,123,96,91,240,223,114,102,107,185
480,419,477,752,504,336,403,308,313,436,493
614,66,67,293,278,167,147,98,88,62,124
71,783,788,681,687,664,674,749,755,785,772
274,269,305,259,244,258,106,284,157,280,388
513,307,276,761,383,537,388,456,312,311,164
594,218,228,193,185,115,149,179,192,237,266
108,439,491,576,590,250,263,304,326,463,471
199,416,482,369,393,312,318,363,348,437,576
779,440,541,226,207,111,133,229,259,464,680
308,544,499,301,308,686,668,673,664,531,492
603,690,641,563,566,752,732,677,672,678,489
333,253,263,66,75,225,177,281,272,264,306
591,770,763,753,746,763,788,762,766,758,639
403,562,639,145,151,418,379,577,532,571,759
418,390,433,121,120,310,276,431,383,404,648
422,574,505,390,405,568,606,645,658,572,476
185,575,566,263,268,531,588,605,628,532,692
438,488,490,486,537,474,440,458,396,504,425
234,572,629,642,646,651,678,637,621,573,477
76,768,773,750,768,764,765,759,748,759,753
535,332,355,179,174,400,416,299,285,342,389
206,272,300,316,682,363,308,344,280,281,375
78,656,653,670,622,669,726,662,684,649,332
328,578,530,405,407,643,641,573,567,574,390
593,738,737,697,708,768,782,742,734,733,717
350,406,405,733,618,522,619,421,519,405,333
488,512,547,380,366,496,452,452,409,533,458
494,297,321,526,502,373,383,280,264,312,288
542,209,108,209,505,149,287,220,242,213,49
557,303,280,82,186,289,107,368,190,313,431
559,648,673,295,390,551,363,642,504,650,726
623,268,293,187,445,139,219,219,228,282,372
632,288,317,240,561,162,248,225,247,314,313
763,717,678,690,695,725,778,724,704,706,602
442,415,447,569,527,287,338,297,368,438,366
232,525,434,364,328,369,505,436,555,534,286
124,726,762,414,461,612,494,706,638,734,773
688,635,691,797,716,597,481,579,511,651,737
227,465,423,205,212,440,174,522,296,465,258
719,686,663,542,753,711,755,734,674,679,559
783,446,522,597,630,429,432,429,478,466,547
492,645,624,439,477,561,488,661,605,652,618
532,591,518,604,602,722,713,627,617,575,321
302,696,664,754,762,774,748,691,707,680,632
619,708,704,463,499,618,567,686,662,707,712
85,554,619,756,765,457,469,428,450,576,621
86,379,374,435,675,318,364,387,407,406,150
580,410,324,261,272,581,594,575,561,407,236
698,752,799,529,743,644,799,737,775,735,774
87,506,451,711,418,636,449,586,494,505,322
526,435,380,553,262,586,380,568,413,439,250
373,345,261,656,469,548,359,388,325,343,139
159,622,591,512,373,675,509,670,581,615,569
639,609,633,700,408,593,435,561,506,616,578
186,71,80,45,54,121,353,82,128,80,70
90,767,630,484,481,705,785,771,796,760,212
343,682,606,704,767,683,772,654,729,681,93
471,795,724,617,601,766,798,790,799,786,775
216,675,705,396,417,558,556,639,643,682,723
93,662,596,402,425,741,743,710,687,653,598
107,678,644,726,564,616,617,692,689,683,518
651,720,708,676,691,775,773,743,747,708,630
94,791,787,622,633,712,710,774,771,787,776
277,456,338,788,557,408,376,443,428,467,143
331,149,154,322,331,141,135,138,152,151,210
606,592,549,431,683,716,688,656,668,577,494
96,588,570,608,605,697,685,655,632,578,506
110,626,613,487,511,719,695,702,665,617,577
162,438,390,383,599,599,605,469,488,408,271
582,568,507,288,312,467,391,549,492,579,290
732,548,605,528,539,406,436,508,479,580,550
498,468,457,506,346,503,498,473,576,468,521
501,711,732,460,315,653,639,685,717,709,758
514,343,311,722,323,435,429,356,431,344,308
756,469,509,307,570,578,524,405,456,469,510
287,748,753,715,714,791,780,778,749,736,695
337,239,199,265,137,315,323,288,373,238,214
425,166,140,695,119,296,268,248,324,166,107
196,536,528,536,160,552,485,526,624,535,404
457,401,372,304,103,442,413,435,496,409,456
120,248,259,214,343,150,182,170,201,265,319
700,227,264,280,440,402,356,215,238,239,335
101,742,755,687,685,779,752,722,705,737,738
104,640,647,707,639,630,767,660,683,654,450
707,642,635,513,491,753,648,615,582,618,509
721,351,365,335,305,343,607,319,376,369,381
723,721,698,671,478,785,622,761,676,710,703
604,630,598,347,538,717,701,652,678,619,443
445,705,695,730,725,625,665,663,667,711,670
289,586,560,412,424,657,664,601,620,581,556
497,513,571,184,180,268,313,423,463,536,700
509,184,192,584,664,180,190,171,181,197,233
771,514,555,281,281,297,360,417,452,537,499
549,171,169,264,227,98,130,110,146,180,172
327,266,287,600,608,228,256,234,229,283,293
618,398,310,303,161,368,226,453,340,410,353
161,156,143,70,72,65,92,118,142,167,252
676,337,283,530,490,397,325,338,316,345,190
213,216,219,149,135,103,139,147,183,240,320
715,691,693,537,546,754,733,738,728,684,668
111,724,719,416,382,604,735,700,782,738,757
548,669,632,417,362,543,702,633,700,685,615
735,665,722,523,540,539,557,602,607,686,702
258,366,274,451,567,346,377,413,406,370,111
792,467,489,327,494,587,642,547,538,470,417
355,582,506,720,752,708,671,628,583,538,400
413,144,137,394,307,137,178,99,131,152,131
701,585,553,615,415,659,618,614,587,582,445
517,687,689,716,699,733,659,669,623,687,605
570,498,526,627,690,566,516,516,449,506,554
607,623,579,518,501,690,638,647,612,620,276
115,793,793,619,662,756,682,788,759,788,777
117,701,730,776,535,676,575,657,653,712,721
586,335,326,725,457,392,400,325,321,346,362
742,123,122,457,326,123,120,126,123,125,142
744,228,246,49,49,120,121,230,215,241,438
522,521,588,127,124,298,303,474,462,539,744
291,601,656,260,271,428,426,551,545,621,714
150,90,93,481,476,105,119,112,112,98,76
119,556,599,519,525,413,431,454,467,583,638
561,517,556,410,270,349,344,438,437,540,640
165,130,145,146,143,104,113,127,139,139,237
432,443,466,655,692,342,392,392,333,471,508
273,753,781,796,799,700,703,719,718,761,747
346,389,424,598,596,379,385,372,390,411,432
265,529,498,755,719,464,472,466,476,541,345
515,234,153,606,558,237,224,237,246,242,87
313,657,670,696,672,677,697,626,675,655,558
441,208,205,95,145,218,194,246,216,214,285
304,133,150,136,126,210,281,134,138,140,221
579,437,344,112,107,569,583,621,636,440,329
684,185,206,456,450,122,157,162,163,198,269
270,430,449,705,728,501,540,505,522,441,468
598,480,563,511,516,345,373,396,411,507,667
529,745,723,710,581,786,669,745,732,739,705
613,676,634,568,233,553,517,665,654,688,604
412,647,621,447,488,562,489,635,591,656,588
202,616,616,734,770,654,699,570,622,622,395
556,259,185,239,199,178,319,224,362,266,162
644,530,484,793,508,465,490,548,588,542,451
174,460,296,520,479,352,491,439,530,442,123
427,620,628,794,517,660,675,636,663,623,662
734,306,298,359,534,468,585,373,394,315,343
524,579,580,590,688,638,574,532,573,584,461
476,781,764,740,739,798,797,779,776,762,730
135,751,776,791,760,698,775,741,760,763,733
760,703,697,308,301,600,672,699,752,713,669
456,261,231,43,45,254,249,394,393,267,460
696,491,513,92,95,395,397,556,556,508,762
577,746,747,693,703,784,784,728,726,740,543
386,445,523,384,215,420,646,407,460,472,562
141,347,402,391,444,198,207,235,255,371,482
705,500,575,236,245,635,666,409,419,509,633
144,331,349,660,653,325,326,271,287,347,383
581,638,680,505,530,519,518,594,574,657,715
718,633,685,786,788,528,548,562,577,658,708
145,564,537,287,624,375,586,502,633,585,628
562,531,450,163,146,290,447,437,584,543,484
584,528,441,219,202,326,473,461,601,544,463
195,527,458,551,755,424,570,498,611,545,448
767,463,409,310,208,472,442,582,500,473,379
516,190,224,258,286,232,213,221,206,199,369
793,698,745,535,545,585,589,666,659,714,778
649,352,415,368,379,278,292,313,323,372,574
148,723,659,430,448,782,779,782,769,715,567
349,750,711,566,572,790,789,791,772,741,687
755,654,672,721,732,661,636,587,593,659,686
296,594,666,428,458,458,456,560,521,624,658
376,643,623,686,597,542,653,616,657,660,503
778,785,796,639,649,726,718,781,777,789,779
155,597,645,657,657,517,534,552,546,625,642
201,581,603,385,410,662,694,541,526,586,592
156,639,681,545,585,626,734,595,619,661,679
617,602,643,633,429,570,620,537,564,626,654
211,444,473,429,284,291,306,389,384,474,502
237,667,703,279,282,414,446,576,608,689,750
359,571,576,679,674,582,691,545,551,587,475
599,699,735,516,528,540,558,625,644,716,746
626,707,706,462,313,645,608,731,697,717,780
600,294,331,215,257,387,250,293,225,316,423
406,557,636,497,470,588,563,499,443,588,701
366,466,524,504,532,549,704,497,412,475,380
677,605,500,357,779,436,609,546,618,627,409
388,573,561,180,133,507,492,583,635,589,644
749,761,769,765,757,709,756,723,743,764,735
590,258,163,117,142,145,316,232,322,268,176
669,792,785,623,615,713,760,775,790,790,781
263,458,403,210,480,280,504,390,468,476,393
769,565,538,185,273,329,519,470,580,590,513
660,566,520,182,435,330,550,486,528,591,523
433,731,733,381,579,559,689,679,724,742,736
188,606,521,556,797,488,630,584,655,628,303
699,644,601,444,666,492,649,599,673,662,597
704,709,718,744,721,681,761,687,698,718,660
178,522,559,377,396,451,450,542,534,546,622
316,545,510,746,510,710,530,619,609,547,371
716,732,741,603,389,688,736,708,783,743,748
218,798,786,610,617,799,769,799,792,791,782
192,655,661,424,428,646,708,678,702,663,691
405,739,751,374,385,687,753,760,789,744,783
444,359,401,488,321,319,293,317,354,373,539
695,361,376,560,784,365,334,357,288,374,299
429,541,470,539,731,631,655,585,640,548,273
681,704,696,735,594,682,781,690,750,719,678
407,778,752,468,484,776,774,795,795,765,784
751,617,654,738,749,655,700,592,602,629,617
286,715,721,446,459,684,749,740,757,720,731
210,706,714,731,711,627,686,651,696,721,646
419,526,462,544,333,419,506,482,536,549,422
490,757,774,783,794,745,728,752,713,766,785
750,561,612,763,766,529,535,520,548,592,528
217,569,475,275,304,469,393,557,512,593,474
469,741,744,583,387,734,719,750,778,745,732
477,766,771,766,778,755,714,751,709,767,752
250,774,756,732,738,796,790,780,763,768,699
410,763,765,493,513,672,643,753,719,769,786
474,764,766,494,514,673,644,754,720,770,787
766,587,550,251,253,647,657,658,660,594,373
578,543,464,97,99,594,604,695,694,550,719
241,719,713,448,467,729,724,732,731,722,681
236,714,650,294,299,623,658,721,733,723,616
506,614,504,343,348,579,623,622,651,630,186
523,771,742,480,493,706,723,772,781,771,788
239,692,665,340,378,759,598,767,670,690,742
393,507,442,571,644,723,532,608,501,510,446
641,494,391,678,524,678,470,593,469,477,253
642,508,437,557,595,693,520,638,557,511,323
540,784,791,641,645,701,711,768,773,792,789
436,759,761,499,496,689,744,763,786,772,790
402,772,779,774,789,787,737,739,712,773,756
321,737,748,662,665,765,745,688,681,746,649
713,681,676,579,701,637,483,648,575,691,511
560,679,669,242,381,438,571,590,645,692,672
774,674,717,652,654,658,660,664,671,693,693
370,607,585,363,353,437,564,525,603,631,694
709,773,768,748,745,783,791,757,762,774,729
602,794,790,620,663,757,683,789,761,793,791
625,670,648,407,358,544,705,671,744,694,685
309,603,517,673,689,554,551,489,493,632,180
741,790,784,626,637,742,738,785,784,794,792
697,727,743,625,632,665,667,718,716,747,740
411,789,792,629,642,746,746,787,787,795,793
680,734,750,592,598,702,706,733,745,748,743
342,796,794,614,607,777,792,796,797,796,794
583,688,682,353,364,695,696,716,715,695,481
365,567,502,286,439,376,500,485,539,595,496
710,730,734,595,580,632,690,707,725,749,706
637,754,777,771,777,727,715,701,703,775,745
396,779,767,723,741,792,793,792,770,776,663
706,634,683,517,529,595,610,564,569,664,603
740,672,671,659,671,607,624,623,626,696,505
657,728,725,399,420,633,613,727,701,750,653
712,762,775,496,507,694,692,766,764,777,795
728,787,797,632,640,707,709,773,767,797,796
519,733,740,664,684,747,591,698,661,751,710
491,799,783,609,604,797,796,798,798,798,797
765,765,759,495,515,674,645,755,721,778,798
726,760,760,498,759,634,739,729,735,779,728
724,786,795,634,638,737,764,784,791,799,799
530,758,758,782,792,748,729,746,738,780,711
643,780,770,742,751,793,794,777,746,781,650
