,map equation centrality rank,map equation centrality rank pr,modularity vitality rank,community hub-bridge rank,community-based centrality rank,degree centrality rank,betweenness centrality rank
0,48,60,553,186,115,46,76
1,111,78,508,256,191,103,92
2,19,32,98,142,59,18,60
3,120,133,332,183,217,115,154
4,408,455,163,717,392,389,420
5,136,157,187,355,156,129,235
6,77,69,36,357,136,74,42
7,499,539,477,572,626,477,554
8,190,227,380,410,177,185,217
9,38,35,221,121,55,37,53
10,154,166,110,409,220,145,181
11,178,194,135,269,313,169,269
12,89,84,158,276,135,85,34
13,26,14,51,55,51,24,41
14,165,175,202,411,268,157,162
15,1,4,34,2,2,2,21
16,548,531,535,672,604,525,514
17,176,191,276,312,287,170,280
18,66,63,166,111,97,62,104
19,191,217,155,465,243,186,275
20,8,8,24,139,30,8,15
21,232,262,176,341,380,221,516
22,2,1,2,120,20,3,2
23,10,10,209,77,21,10,24
24,153,142,194,364,258,146,94
25,817,873,495,804,929,773,935
26,133,123,72,241,170,130,177
27,331,356,492,553,396,302,399
28,468,461,543,604,563,429,358
29,74,70,385,23,22,75,71
30,122,149,116,373,171,116,190
31,816,868,1005,903,937,774,670
32,502,549,1059,505,475,478,675
33,162,168,212,313,151,158,187
34,1038,1083,885,1067,1096,983,936
35,1037,1082,886,1068,1097,984,937
36,1039,1084,887,1069,1098,985,938
37,87,72,151,148,122,86,64
38,67,77,109,247,121,63,98
39,70,81,22,48,44,69,83
40,5,2,6,133,34,5,7
41,4,5,0,161,28,4,9
42,407,473,305,501,449,390,603
43,172,213,162,330,301,171,186
44,44,50,16,311,113,42,45
45,25,34,47,126,65,25,33
46,542,615,451,795,495,526,594
47,533,619,262,785,599,527,528
48,11,22,342,4,4,11,35
49,78,106,33,331,146,76,194
50,130,122,31,592,124,117,69
51,18,20,8,78,45,19,12
52,918,994,1020,974,960,866,888
53,40,43,23,274,87,38,37
54,223,272,363,68,109,222,330
55,27,44,207,9,8,28,82
56,68,58,373,176,89,64,72
57,35,24,288,123,58,33,17
58,159,151,193,189,288,159,117
59,820,859,1006,832,874,775,819
60,423,362,746,630,499,391,289
61,79,95,228,203,142,77,89
62,410,417,173,358,470,392,541
63,194,209,71,185,272,187,312
64,177,154,480,259,230,172,118
65,256,288,225,288,294,241,444
66,255,196,255,285,260,242,146
67,213,224,134,231,303,200,426
68,49,38,725,138,127,47,28
69,112,91,409,210,155,104,73
70,285,302,484,354,346,266,253
71,21,13,564,80,64,21,20
72,131,115,21,363,187,131,99
73,143,132,39,414,134,132,66
74,336,276,527,436,474,303,201
75,9,11,4,232,35,9,4
76,482,556,302,297,359,479,523
77,335,312,971,387,318,304,243
78,313,323,436,102,157,305,355
79,76,68,28,49,47,78,47
80,94,99,18,234,106,91,63
81,110,100,59,190,128,105,67
82,585,690,675,655,650,569,705
83,235,298,649,417,367,223,451
84,115,150,343,20,26,118,265
85,364,366,689,375,381,347,396
86,613,682,849,789,663,570,615
87,307,359,736,84,150,306,408
88,509,504,435,563,576,480,568
89,121,105,537,188,213,119,68
90,330,243,723,290,325,307,159
91,293,179,468,432,316,267,114
92,166,102,60,227,241,160,124
93,99,80,83,187,126,92,106
94,660,710,1118,623,659,637,710
95,566,507,496,601,645,528,500
96,915,985,641,906,995,867,871
97,678,517,498,698,772,638,300
98,680,719,624,856,769,639,649
99,843,817,709,998,919,776,805
100,298,257,256,568,338,268,180
101,856,815,697,991,831,777,743
102,594,611,841,703,679,571,522
103,203,242,62,122,161,201,246
104,0,0,11,0,0,0,1
105,42,29,311,40,41,43,31
106,204,210,41,159,160,202,182
107,546,604,386,453,494,529,726
108,926,980,625,822,939,868,939
109,414,433,102,294,440,393,604
110,1056,1108,863,964,1028,986,940
111,161,143,192,180,239,161,126
112,288,314,503,327,300,269,406
113,599,636,249,455,613,572,755
114,296,223,978,461,407,270,171
115,17,18,443,6,5,20,40
116,214,218,405,254,293,203,229
117,431,364,327,218,277,430,258
118,455,494,219,365,482,431,561
119,39,36,19,54,76,39,58
120,334,317,73,235,382,308,609
121,262,249,368,490,404,243,212
122,822,872,1092,818,725,778,923
123,195,188,1123,281,281,188,151
124,378,371,1033,498,454,348,331
125,825,787,1004,819,862,779,497
126,222,278,398,41,69,224,455
127,22,37,140,8,7,26,56
128,553,621,460,802,432,530,696
129,347,413,672,103,181,349,452
130,135,114,617,152,154,133,97
131,339,304,780,488,485,309,318
132,250,296,58,415,184,244,263
133,15,16,9,101,57,15,19
134,31,21,1,315,62,12,6
135,264,173,326,477,270,245,85
136,37,51,27,109,60,40,27
137,729,794,749,631,722,708,876
138,828,879,482,794,917,780,941
139,32,39,658,146,105,32,43
140,505,552,146,447,602,481,690
141,139,162,469,323,233,134,156
142,56,71,168,136,129,52,96
143,504,408,486,556,525,482,377
144,179,204,226,283,297,173,283
145,81,90,191,170,158,79,172
146,140,138,485,324,226,135,119
147,337,379,631,437,354,310,380
148,289,332,88,328,439,271,557
149,155,178,794,299,274,147,244
150,937,993,1017,1029,911,869,894
151,72,57,15,96,198,70,134
152,248,306,306,240,328,246,427
153,784,878,906,519,641,781,834
154,175,180,69,346,211,174,245
155,581,659,369,651,549,573,624
156,294,326,133,636,394,272,255
157,343,235,984,462,364,311,176
158,798,897,1099,807,858,782,706
159,736,475,735,803,780,709,197
160,454,508,417,588,409,432,529
161,308,361,258,134,178,312,509
162,413,372,1116,445,393,394,274
163,545,559,651,509,517,531,556
164,287,289,96,233,341,273,520
165,453,479,233,366,429,433,637
166,503,540,273,405,502,483,625
167,234,247,322,260,252,225,395
168,601,660,250,456,614,574,816
169,666,703,546,605,676,640,678
170,850,847,646,1015,745,783,723
171,597,652,251,457,615,575,846
172,927,949,626,823,940,870,942
173,665,730,315,510,668,641,890
174,1059,1095,864,965,1029,987,943
175,160,181,91,353,83,162,256
176,824,853,1093,820,726,784,852
177,598,644,934,602,550,576,612
178,602,635,252,458,616,577,747
179,930,976,1013,959,925,871,843
180,415,443,1130,446,403,395,442
181,58,52,142,160,77,53,51
182,30,28,45,184,108,29,16
183,422,436,185,718,371,396,449
184,50,64,137,217,117,48,70
185,263,203,671,481,375,247,103
186,463,463,346,493,557,434,476
187,274,270,410,151,225,274,252
188,218,199,65,275,391,204,211
189,507,546,763,619,598,484,725
190,295,307,401,408,424,275,321
191,310,321,268,130,192,313,297
192,126,167,214,22,31,136,296
193,105,135,478,19,24,106,223
194,557,532,334,516,537,532,477
195,6,7,997,1,1,6,14
196,244,266,983,62,96,248,308
197,52,73,418,10,10,54,153
198,200,230,1114,44,74,205,218
199,102,110,241,329,94,93,125
200,62,79,775,15,13,65,178
201,236,275,49,656,137,226,382
202,224,245,206,81,123,227,210
203,12,25,457,3,3,16,61
204,41,67,89,5,6,44,222
205,61,86,859,12,12,66,160
206,202,261,216,35,61,206,499
207,306,388,510,63,114,314,540
208,574,702,1073,223,353,578,729
209,85,118,347,27,27,87,169
210,243,299,425,45,86,249,356
211,69,74,502,13,14,71,120
212,106,113,793,28,33,107,109
213,117,159,265,36,46,120,237
214,73,111,131,11,11,80,432
215,145,186,234,25,37,148,410
216,272,346,314,99,182,276,314
217,103,120,842,24,29,108,135
218,46,54,408,7,9,49,78
219,573,670,1075,224,347,579,645
220,304,398,501,64,119,315,576
221,241,236,426,46,85,250,193
222,620,519,439,848,586,580,292
223,510,448,987,593,441,485,458
224,823,806,597,954,740,785,848
225,958,944,1082,1039,993,872,856
226,211,228,108,487,218,207,152
227,314,370,132,404,352,316,404
228,840,864,688,999,859,786,801
229,252,263,739,250,342,251,290
230,329,355,862,332,317,317,370
231,904,982,659,744,875,873,944
232,7,6,17,57,16,7,5
233,538,579,467,609,491,533,537
234,246,251,1117,177,208,252,310
235,901,998,940,936,777,874,832
236,47,45,30,145,63,50,32
237,187,177,730,168,183,189,113
238,132,140,43,280,186,137,115
239,189,182,832,192,223,190,230
240,54,62,25,108,71,55,62
241,724,716,777,705,744,710,400
242,90,87,13,621,91,72,59
243,511,457,740,622,561,486,286
244,367,442,778,557,532,350,642
245,332,373,1070,492,445,318,565
246,917,991,642,907,996,875,945
247,239,260,1100,652,425,228,238
248,916,952,1008,1052,946,876,847
249,368,404,424,610,468,351,479
250,259,300,860,469,255,253,342
251,494,530,171,709,436,487,525
252,1041,1118,888,1070,1099,988,946
253,231,255,513,272,256,229,349
254,182,148,344,286,310,175,88
255,254,184,412,326,271,254,161
256,315,269,927,198,302,319,242
257,675,742,565,891,631,642,778
258,181,207,114,478,174,176,251
259,400,328,294,459,384,397,216
260,1040,1117,889,1071,1100,989,947
261,735,774,905,893,789,711,750
262,271,348,840,61,107,277,478
263,588,647,488,396,515,581,544
264,498,474,1067,632,529,488,332
265,750,768,479,986,786,712,644
266,163,152,188,262,269,163,133
267,93,92,810,66,80,94,147
268,88,82,115,149,68,88,44
269,210,121,601,239,215,208,84
270,129,137,20,547,248,121,87
271,815,855,1102,904,761,787,817
272,685,586,1007,740,760,643,313
273,75,93,367,14,15,81,150
274,385,380,309,830,413,352,374
275,249,265,1065,307,333,255,206
276,558,502,530,729,518,534,295
277,359,342,296,195,320,353,301
278,426,423,247,853,471,398,425
279,417,415,370,584,513,399,443
280,877,965,982,866,918,877,736
281,137,146,139,162,193,138,173
282,848,839,970,857,912,788,763
283,180,206,84,508,237,177,149
284,500,529,275,421,530,489,405
285,578,668,404,383,437,582,549
286,125,59,402,228,203,122,50
287,778,862,916,520,627,789,887
288,146,183,239,26,36,149,376
289,377,290,112,360,469,354,344
290,269,343,811,70,118,278,379
291,928,978,627,824,941,878,948
292,270,368,808,71,120,279,502
293,1058,1110,865,966,1030,990,949
294,754,748,666,752,790,713,749
295,603,618,898,603,578,583,591
296,370,337,339,494,263,355,316
297,567,573,201,1040,649,535,486
298,33,61,100,59,84,34,100
299,371,411,938,511,498,356,498
300,587,649,687,569,564,584,494
301,857,812,708,992,842,790,737
302,82,103,118,236,162,82,112
303,836,718,979,923,870,791,353
304,229,252,80,406,152,230,276
305,284,221,1074,284,344,280,196
306,433,424,511,166,236,435,306
307,149,119,520,79,112,150,142
308,800,852,600,897,812,792,740
309,689,654,266,662,807,644,689
310,514,484,917,725,605,490,372
311,342,248,851,586,577,320,202
312,156,101,105,470,266,151,54
313,168,170,82,473,246,164,127
314,470,447,569,706,524,436,429
315,53,53,248,58,66,56,48
316,390,490,621,88,172,400,669
317,993,1112,1034,756,885,991,950
318,868,902,958,526,681,879,863
319,577,594,1077,225,350,585,590
320,148,139,567,38,49,152,138
321,104,104,753,29,32,109,139
322,393,377,618,89,169,401,471
323,432,518,341,219,304,437,589
324,391,493,392,76,148,402,766
325,575,487,558,171,306,586,334
326,91,131,264,16,17,95,200
327,477,588,459,107,212,491,732
328,114,112,333,337,235,110,81
329,327,293,939,334,330,321,266
330,123,141,46,398,188,123,111
331,14,30,14,141,73,17,38
332,3,3,5,110,18,1,0
333,237,201,470,438,322,231,141
334,164,190,236,407,145,165,220
335,312,341,271,132,204,322,282
336,338,334,183,650,414,323,257
337,340,329,127,647,450,324,273
338,97,55,153,95,95,96,39
339,186,163,673,143,190,191,132
340,36,49,175,253,140,35,46
341,931,909,628,825,942,880,844
342,638,750,1124,303,419,645,790
343,205,197,90,282,166,209,130
344,905,881,660,745,876,881,951
345,365,376,685,372,356,357,433
346,276,268,123,212,326,281,360
347,537,572,500,612,600,536,602
348,518,471,245,836,546,492,299
349,536,327,733,443,461,537,198
350,174,161,40,361,168,178,108
351,247,241,330,124,209,256,369
352,345,319,232,786,435,325,240
353,13,15,32,144,50,13,26
354,16,9,86,112,72,14,8
355,34,41,143,93,100,36,30
356,506,553,847,683,655,493,533
357,170,169,442,91,149,179,254
358,687,706,589,865,622,646,654
359,641,764,612,229,376,647,898
360,185,231,323,34,56,192,403
361,219,211,63,616,251,210,183
362,305,396,317,51,102,326,535
363,349,427,242,164,231,358,319
364,436,491,1097,314,337,438,560
365,712,755,542,515,583,714,573
366,60,40,719,158,130,57,36
367,107,107,50,153,133,111,158
368,352,365,596,201,286,359,437
369,627,567,384,606,700,587,517
370,257,311,718,394,319,257,462
371,265,308,74,726,305,258,309
372,409,464,1066,466,505,403,461
373,1042,1122,890,1072,1101,992,952
374,662,717,1090,624,607,648,730
375,63,23,290,154,132,58,22
376,425,292,445,817,522,404,170
377,20,17,3,125,40,22,10
378,706,729,968,952,795,649,633
379,458,533,113,489,651,439,652
380,113,155,698,336,247,112,234
381,196,205,66,335,323,193,191
382,292,363,427,479,465,282,607
383,101,126,293,291,242,97,148
384,258,324,68,374,480,259,614
385,291,385,438,482,453,283,704
386,290,339,227,448,504,284,412
387,398,449,994,424,486,405,504
388,65,94,54,73,111,67,157
389,84,117,1024,17,19,89,116
390,316,256,235,351,331,327,175
391,220,226,42,648,283,211,140
392,83,96,572,271,202,83,91
393,974,996,1121,1126,1048,882,915
394,424,333,416,467,492,406,338
395,24,33,838,67,82,27,29
396,564,564,654,730,694,538,501
397,487,548,531,574,503,494,421
398,253,244,129,395,296,260,192
399,309,374,737,85,153,328,484
400,116,130,340,21,25,124,145
401,523,495,466,949,584,495,272
402,552,554,312,894,572,539,302
403,215,237,35,596,216,212,221
404,658,738,1108,625,606,650,748
405,768,771,1022,1077,860,715,862
406,277,277,1122,352,433,285,233
407,427,414,857,837,582,407,489
408,208,254,1106,268,282,213,393
409,128,165,211,137,205,139,260
410,488,555,575,439,520,496,640
411,321,392,93,214,360,329,605
412,173,215,447,267,210,180,203
413,399,466,254,558,388,408,383
414,95,83,286,86,99,98,122
415,418,462,588,594,473,409,492
416,520,482,393,527,621,497,505
417,280,238,532,277,259,286,205
418,535,560,407,345,462,540,608
419,216,250,975,412,279,214,307
420,761,745,622,781,828,716,635
421,489,523,328,292,418,498,580
422,635,601,274,1102,635,588,284
423,1043,1120,891,1073,1102,993,953
424,353,358,653,202,254,360,386
425,452,511,126,359,500,440,756
426,193,128,104,191,292,194,75
427,801,875,607,898,829,793,804
428,43,31,10,296,78,41,11
429,286,285,149,287,385,287,436
430,322,382,456,416,472,330,270
431,383,313,545,554,514,361,232
432,462,439,1001,640,484,441,407
433,28,42,308,65,79,30,55
434,579,680,1084,226,336,589,685
435,776,893,758,389,540,794,891
436,481,590,768,135,238,499,745
437,311,395,150,163,196,331,411
438,147,172,1076,33,43,153,184
439,711,776,522,518,536,717,686
440,267,282,861,72,125,288,288
441,777,874,759,390,541,795,954
442,240,258,170,731,423,232,279
443,406,430,291,485,405,410,392
444,386,351,568,753,457,362,472
445,92,124,726,18,23,99,204
446,251,240,97,115,221,261,390
447,858,854,900,994,921,796,907
448,970,954,1089,1106,943,883,872
449,811,803,669,931,944,797,638
450,346,280,413,649,496,332,268
451,71,56,48,39,52,73,95
452,651,731,1080,575,574,651,662
453,45,27,229,150,116,45,25
454,440,492,303,205,335,442,536
455,435,410,295,206,348,443,470
456,300,271,536,486,420,289,208
457,171,127,446,140,176,181,105
458,366,208,297,261,312,363,131
459,57,26,70,43,54,59,23
460,859,835,711,1103,801,798,815
461,580,485,1058,430,519,590,261
462,1081,1121,826,1041,1077,994,955
463,260,185,57,300,411,262,188
464,749,769,655,796,841,718,664
465,183,153,178,433,278,182,102
466,150,145,716,100,139,154,129
467,51,48,12,369,67,51,18
468,782,833,760,391,542,799,802
469,199,202,78,502,214,195,110
470,490,505,587,344,395,500,414
471,348,438,563,75,138,364,546
472,775,899,761,392,543,800,956
473,710,811,1019,388,509,719,914
474,325,316,429,194,267,333,347
475,412,401,562,420,417,411,398
476,363,303,523,242,295,365,466
477,897,981,996,908,913,884,918
478,449,450,261,248,368,444,550
479,358,325,677,340,369,366,281
480,227,232,224,131,199,233,241
481,590,626,487,397,506,591,715
482,86,46,873,87,98,90,74
483,209,189,324,129,179,215,215
484,233,225,61,196,332,234,467
485,228,187,125,113,197,235,337
486,362,286,167,179,290,367,213
487,1047,1091,874,976,1038,995,957
488,197,156,263,289,262,196,121
489,737,752,724,721,770,720,781
490,411,347,320,382,438,412,402
491,826,840,1002,821,844,801,774
492,1046,1092,875,977,1039,996,958
493,1048,1093,876,978,1040,997,959
494,167,109,152,237,232,166,128
495,979,894,1126,1131,1025,885,720
496,596,606,449,559,608,592,758
497,636,506,574,1016,846,593,430
498,524,435,491,1030,596,501,373
499,192,176,345,255,284,197,214
500,198,174,208,450,219,198,164
501,1110,1064,795,1053,1083,998,960
502,245,284,117,127,164,263,333
503,59,75,29,378,185,60,93
504,419,467,528,480,455,413,548
505,544,542,197,425,585,541,721
506,212,192,776,310,289,216,163
507,333,294,190,325,400,334,481
508,451,418,676,474,548,445,496
509,501,547,154,384,534,502,791
510,664,724,321,561,706,652,764
511,238,233,605,653,422,236,137
512,326,301,238,178,276,335,294
513,924,721,634,838,949,886,361
514,583,612,529,367,479,594,490
515,1050,1058,877,979,1041,999,961
516,543,536,752,637,412,542,371
517,268,309,471,82,141,290,271
518,1051,1057,878,980,1042,1000,962
519,659,740,1120,626,652,653,680
520,467,406,570,659,545,446,311
521,738,762,731,722,741,721,714
522,341,259,742,539,456,336,315
523,864,856,734,1123,955,802,653
524,921,942,635,839,950,887,963
525,1049,1088,879,981,1043,1001,964
526,563,527,287,614,692,543,503
527,560,522,512,633,609,544,510
528,694,661,981,826,781,654,630
529,969,922,1112,1107,1008,888,733
530,932,903,629,827,945,889,831
531,100,88,87,238,110,100,65
532,653,645,547,704,654,655,454
533,786,850,583,858,771,803,760
534,819,713,1023,833,791,804,359
535,920,971,1010,975,930,890,808
536,919,968,636,840,951,891,965
537,475,403,509,734,581,447,287
538,818,849,990,834,928,805,788
539,595,673,728,710,638,595,585
540,582,614,1061,428,507,596,521
541,207,279,348,204,291,217,415
542,141,144,184,379,234,140,101
543,963,967,1079,1088,936,892,909
544,217,222,53,587,244,218,168
545,621,561,935,790,624,597,324
546,851,848,632,1017,709,806,780
547,790,832,1119,673,710,807,827
548,144,108,199,377,175,141,77
549,1099,1107,796,1054,1084,1002,966
550,622,643,937,791,630,598,583
551,64,98,55,74,101,68,236
552,530,510,779,422,463,545,441
553,109,85,217,69,93,113,80
554,301,274,156,792,357,291,165
555,740,766,394,693,832,722,810
556,606,634,237,562,707,599,821
557,379,315,544,555,528,368,207
558,670,692,307,620,764,656,693
559,827,711,1071,886,757,808,339
560,562,469,285,615,703,546,575
561,273,310,955,193,249,292,325
562,547,593,352,454,570,547,577
563,29,19,37,32,38,31,13
564,401,389,1027,338,363,414,228
565,676,694,489,699,792,657,617
566,612,641,222,565,717,600,868
567,151,136,390,119,143,155,144
568,416,419,519,402,464,415,460
569,947,958,1085,1032,990,893,829
570,225,318,259,207,265,237,440
571,496,444,602,503,476,503,322
572,80,89,79,155,159,84,167
573,673,725,1111,808,565,658,673
574,1057,1078,866,967,1031,1003,967
575,855,820,623,993,691,809,707
576,873,970,959,528,682,894,922
577,23,12,7,304,53,23,3
578,714,765,715,663,592,723,676
579,954,948,1000,1042,814,895,833
580,611,655,928,719,526,601,616
581,854,822,633,1018,711,810,574
582,1003,1103,1035,757,886,1004,968
583,201,220,397,60,90,219,384
584,134,134,338,175,131,142,166
585,476,488,195,930,523,448,343
586,755,587,650,801,765,724,323
587,55,47,92,37,48,61,49
588,841,838,670,1000,784,811,820
589,98,116,44,83,144,101,199
590,119,158,504,147,194,125,293
591,221,239,1104,50,92,238,248
592,479,451,461,220,298,504,239
593,169,216,174,30,39,183,518
594,571,708,640,302,389,602,711
595,526,616,741,221,334,548,656
596,809,828,1029,741,802,812,969
597,124,66,246,339,206,126,79
598,302,393,318,52,103,337,606
599,525,595,437,298,370,549,659
600,569,638,559,172,307,603,671
601,508,489,136,452,611,505,639
602,261,229,350,491,378,264,179
603,617,628,721,694,715,604,531
604,821,834,1015,835,798,813,770
605,698,701,684,846,754,659,587
606,369,338,448,380,399,369,225
607,628,577,383,607,675,605,592
608,764,734,620,782,796,725,702
609,474,336,1069,590,562,449,250
610,539,534,1009,506,587,550,463
611,184,65,99,257,264,184,52
612,812,780,515,638,773,814,661
613,497,468,313,342,458,506,601
614,1035,1044,907,940,1015,1005,970
615,1077,1026,833,1082,1105,1006,971
616,674,591,494,723,787,660,327
617,1076,1027,834,1083,1106,1007,972
618,1075,1025,835,1084,1107,1008,973
619,835,808,606,1043,728,815,719
620,615,603,403,629,716,606,643
621,555,535,169,495,656,551,800
622,616,605,223,566,718,607,765
623,681,683,506,700,737,661,701
624,679,698,507,701,738,662,646
625,946,914,594,895,987,896,927
626,839,756,463,798,922,816,812
627,1080,1060,827,1044,1078,1009,974
628,430,412,717,105,201,450,328
629,763,760,1011,854,782,726,794
630,906,977,661,746,877,897,975
631,495,483,351,595,481,507,456
632,445,515,400,571,466,451,409
633,473,354,160,426,559,452,552
634,1082,997,828,1045,1079,1010,976
635,677,563,1064,793,749,663,474
636,1100,1071,797,1055,1085,1011,977
637,512,521,399,567,620,508,582
638,956,917,1083,1046,994,898,879
639,640,700,613,230,377,664,717
640,421,456,304,476,431,416,620
641,461,541,196,805,257,453,754
642,554,602,573,646,579,552,734
643,1000,1132,1036,758,887,1012,978
644,745,799,722,811,719,727,979
645,746,797,933,909,747,728,697
646,478,558,903,169,275,509,618
647,429,538,729,106,189,454,508
648,350,400,145,211,245,370,224
649,389,497,1129,104,195,417,519
650,783,800,930,521,636,817,534
651,788,844,548,548,695,818,980
652,881,920,700,675,815,899,877
653,206,214,218,92,167,220,397
654,882,961,701,676,816,900,981
655,439,486,299,208,340,455,563
656,394,335,493,362,415,418,385
657,434,267,298,209,339,456,90
658,483,499,534,419,446,510,450
659,96,76,428,56,70,102,86
660,384,273,581,471,410,371,226
661,351,360,1132,258,321,372,446
662,357,340,186,451,285,373,317
663,791,707,549,549,696,819,362
664,879,898,702,677,817,901,757
665,747,791,423,1031,591,729,767
666,1005,1097,1037,759,888,1013,982
667,556,528,335,517,538,553,524
668,600,632,253,460,617,608,867
669,1062,1087,867,968,1032,1014,983
670,465,349,1128,585,556,457,227
671,672,743,310,987,535,665,738
672,942,951,1081,1078,988,902,818
673,951,911,591,862,962,903,984
674,466,383,182,418,510,458,491
675,779,883,899,522,603,820,933
676,328,352,128,475,253,338,378
677,781,827,936,523,640,821,684
678,999,1124,1038,760,889,1015,985
679,639,630,1125,305,421,666,341
680,869,905,960,529,683,904,694
681,964,934,1094,1001,957,905,849
682,871,910,961,530,684,906,986
683,925,861,972,960,793,907,896
684,1061,1111,868,969,1033,1016,987
685,834,841,967,924,927,822,883
686,142,125,26,429,163,143,57
687,618,672,414,831,531,609,596
688,682,664,282,598,750,667,795
689,1063,1099,869,970,1034,1017,988
690,323,320,220,376,240,339,219
691,464,520,138,806,358,459,418
692,619,581,391,597,729,610,424
693,297,219,81,301,416,293,305
694,303,394,319,53,104,340,581
695,572,699,560,173,308,611,905
696,527,566,748,222,349,554,570
697,157,171,419,31,42,167,231
698,392,345,366,165,222,419,417
699,540,525,988,507,527,555,423
700,541,446,694,444,508,556,185
701,661,726,1091,627,610,668,771
702,849,843,615,988,721,823,679
703,625,650,269,950,680,612,495
704,446,481,381,449,351,460,291
705,324,283,141,156,250,341,247
706,437,426,514,263,329,461,447
707,844,830,980,892,843,824,744
708,226,234,124,114,207,239,249
709,549,496,329,560,677,557,278
710,230,193,349,333,345,240,136
711,692,687,973,828,823,669,579
712,976,988,1103,1127,948,908,892
713,863,666,433,989,1049,825,320
714,629,629,277,1074,727,613,457
715,909,901,1014,937,938,909,828
716,1114,1036,781,1019,1063,1018,989
717,699,662,657,847,712,670,586
718,669,733,518,690,794,671,739
719,742,790,395,695,833,730,785
720,608,646,744,687,723,614,599
721,1069,1128,852,1033,1072,1019,990
722,668,732,538,691,748,672,787
723,118,129,67,97,180,127,143
724,127,164,56,295,81,144,155
725,108,160,52,90,165,114,381
726,892,986,986,910,883,910,857
727,704,681,965,953,868,673,682
728,278,378,406,273,299,294,566
729,158,195,364,270,273,168,285
730,522,429,379,812,732,511,555
731,933,891,608,887,982,911,929
732,934,892,609,888,983,912,930
733,829,798,696,995,914,826,628
734,936,987,610,889,984,913,991
735,605,671,747,688,736,615,735
736,607,609,743,689,714,616,627
737,960,947,1098,1089,1009,914,722
738,935,979,611,890,985,915,992
739,1068,1102,853,1034,1073,1020,993
740,609,627,825,787,720,617,567
741,604,640,365,855,451,618,547
742,356,409,177,278,408,374,434
743,396,472,243,320,386,420,611
744,395,454,244,321,387,421,542
745,442,516,157,322,460,462,837
746,649,758,371,496,657,674,916
747,354,381,106,244,397,375,445
748,769,781,497,1104,797,731,782
749,565,570,582,735,560,558,473
750,1115,1037,782,1020,1064,1021,994
751,700,658,1016,761,642,675,865
752,760,735,648,783,756,732,667
753,762,712,356,669,809,733,845
754,652,676,1105,576,612,676,597
755,152,198,38,98,200,156,475
756,188,97,144,94,173,199,195
757,1045,916,892,1075,1103,1022,995
758,1044,915,893,1076,1104,1023,996
759,1060,1068,870,971,1035,1024,997
760,528,514,440,317,426,559,511
761,893,974,998,911,890,916,772
762,1065,1100,871,972,1036,1025,998
763,865,753,764,1116,1024,827,435
764,299,212,179,381,459,295,174
765,838,818,464,799,923,828,779
766,610,663,422,849,597,619,634
767,955,709,584,901,991,917,363
768,317,322,161,128,224,342,558
769,486,459,375,265,365,512,651
770,722,624,452,440,593,734,357
771,584,633,517,368,497,620,751
772,744,773,441,1056,690,735,658
773,748,741,667,797,847,736,712
774,138,147,85,608,147,128,123
775,902,962,941,938,778,918,893
776,870,1003,962,531,685,919,999
777,847,809,966,859,915,829,850
778,994,1130,1039,762,891,1026,1000
779,242,331,260,42,75,265,650
780,708,816,712,308,447,737,917
781,991,1104,1040,763,892,1027,1001
782,480,551,850,167,261,513,539
783,373,416,230,483,477,376,562
784,989,1119,1041,764,893,1028,1002
785,266,357,289,47,88,296,691
786,833,877,604,1047,746,830,875
787,275,402,121,213,343,297,613
788,1002,1116,1042,765,894,1029,1003
789,709,793,713,309,448,738,806
790,995,1131,1043,766,895,1030,1004
791,570,695,561,174,309,621,903
792,513,465,450,613,483,514,375
793,861,871,603,1118,660,831,792
794,561,524,533,654,589,560,389
795,780,884,929,524,646,832,813
796,867,989,963,532,686,920,906
797,773,896,884,525,623,833,866
798,939,860,989,1079,830,921,840
799,986,1126,1044,767,896,1031,1005
800,866,992,964,533,687,922,1006
801,637,608,1127,306,430,677,335
802,983,1077,1045,768,897,1032,1007
803,984,1076,1046,769,898,1033,1008
804,1098,1014,798,1057,1086,1034,1009
805,576,584,411,385,442,622,571
806,914,836,643,912,997,923,672
807,402,344,382,245,324,422,465
808,428,431,210,727,669,423,526
809,731,783,895,739,755,739,775
810,586,597,699,570,566,623,416
811,696,667,999,770,678,678,507
812,903,990,662,747,878,924,1010
813,876,912,976,867,856,925,777
814,907,939,663,748,879,926,854
815,447,425,894,343,390,463,387
816,645,697,1012,535,573,679,663
817,715,714,839,541,644,740,681
818,484,476,645,316,383,515,459
819,878,933,977,868,857,927,836
820,614,582,902,788,667,624,553
821,559,509,1026,692,637,561,419
822,895,946,678,711,848,928,926
823,361,281,101,157,280,377,262
824,718,722,896,542,618,741,709
825,975,983,1113,1128,986,929,911
826,716,804,848,543,648,742,859
827,894,837,679,712,849,930,882
828,808,826,639,932,840,834,809
829,1130,1123,765,1129,1130,1035,1011
830,771,782,521,1108,869,743,588
831,1101,1039,799,1058,1087,1036,1012
832,387,399,292,720,653,378,513
833,521,480,111,728,865,516,345
834,943,956,1032,1080,920,931,880
835,344,200,415,732,434,343,107
836,753,715,377,660,799,744,687
837,684,674,283,599,751,680,718
838,953,929,592,863,963,932,1013
839,441,384,203,534,374,464,493
840,908,931,1021,939,959,933,873
841,910,886,664,749,880,934,864
842,1013,1069,942,873,968,1037,1014
843,720,757,897,544,601,745,703
844,1021,1041,919,914,1000,1038,1015
845,626,592,455,845,580,625,629
846,404,387,119,181,314,424,598
847,283,246,75,116,227,298,485
848,281,264,76,117,228,299,487
849,913,825,644,913,998,935,910
850,741,772,396,696,834,746,900
851,1067,1094,854,1035,1074,1039,1016
852,485,420,376,266,366,517,572
853,813,823,1072,742,759,835,811
854,534,526,969,464,493,562,401
855,1033,1034,908,941,1016,1040,1017
856,1034,1033,909,942,1017,1041,1018
857,1032,1032,910,943,1018,1042,1019
858,444,445,904,431,516,465,304
859,515,470,387,611,705,518,394
860,633,571,1078,961,806,626,428
861,1091,1011,813,1002,1051,1043,1020
862,992,1129,1047,771,899,1044,1021
863,860,831,714,1105,845,836,728
864,797,778,1086,809,866,837,698
865,938,973,1028,1094,961,936,798
866,1090,1035,814,1003,1052,1045,1022
867,403,369,213,199,327,425,438
868,492,478,331,293,406,519,551
869,360,287,300,197,311,379,189
870,728,754,432,472,634,747,842
871,472,390,159,427,569,466,593
872,1096,1046,815,1004,1053,1046,1023
873,683,574,284,600,752,681,352
874,686,657,499,657,701,682,713
875,1097,1047,816,1005,1054,1047,1024
876,929,924,1057,962,956,937,860
877,752,696,378,661,800,748,482
878,845,819,1018,860,753,838,700
879,846,789,462,754,884,839,934
880,667,596,1131,697,629,683,610
881,767,751,476,1101,708,749,666
882,977,945,566,1099,1118,938,904
883,279,297,325,413,427,300,264
884,320,441,148,243,379,344,776
885,318,453,94,215,361,345,920
886,355,498,107,246,398,380,1025
887,319,452,95,216,362,346,921
888,551,598,316,644,758,563,753
889,375,353,727,577,501,381,277
890,460,503,189,536,647,467,506
891,420,512,1062,643,521,426,692
892,743,821,710,843,855,750,925
893,457,432,200,537,590,468,564
894,372,407,231,484,478,382,483
895,376,375,374,514,575,383,439
896,1079,975,836,1085,1108,1048,1026
897,852,691,956,899,863,840,351
898,807,788,1025,743,824,841,885
899,730,686,420,512,670,751,648
900,1004,1065,1048,772,900,1049,1027
901,517,460,215,564,673,520,468
902,756,723,359,736,871,752,773
903,632,600,614,922,835,627,595
904,770,779,505,1117,836,753,677
905,1111,1050,790,1091,1111,1050,1028
906,469,391,165,499,632,469,543
907,388,350,1109,784,533,384,303
908,1112,1070,791,1092,1112,1051,1029
909,624,580,204,617,762,628,578
910,962,918,579,934,1013,939,797
911,471,367,164,500,619,470,259
912,1008,1115,943,874,969,1052,1030
913,787,858,550,550,697,842,924
914,774,807,762,393,544,843,752
915,1001,1101,1049,773,901,1053,1031
916,996,1114,1050,774,902,1054,1032
917,990,1009,1051,775,903,1055,1033
918,853,704,957,900,864,844,354
919,550,607,337,645,702,564,746
920,837,802,985,925,839,845,527
921,727,746,755,578,671,754,584
922,702,622,481,665,704,684,538
923,695,656,472,666,766,685,665
924,948,927,1088,1036,981,940,838
925,940,863,598,926,1010,941,807
926,941,953,599,927,1011,942,1034
927,802,801,1096,707,724,846,796
928,721,763,453,441,594,755,784
929,719,637,858,545,643,756,348
930,789,623,551,551,698,847,336
931,693,677,995,829,731,686,469
932,885,926,974,869,837,943,814
933,1010,1073,944,875,970,1056,1035
934,643,565,388,370,511,687,600
935,671,737,301,702,838,688,861
936,832,869,674,1090,909,848,874
937,831,888,475,844,958,849,928
938,1011,1086,945,876,971,1057,1036
939,532,576,240,386,539,565,823
940,723,767,444,591,743,757,855
941,650,685,630,589,664,689,619
942,795,870,539,684,825,850,897
943,793,865,540,685,826,851,902
944,397,477,130,279,428,427,742
945,648,736,372,497,658,690,824
946,1113,1048,792,1093,1113,1058,1037
947,1030,1001,911,944,1019,1059,1038
948,1029,1000,912,945,1020,1060,1039
949,630,568,668,851,688,629,632
950,884,963,703,678,818,944,1040
951,647,689,647,434,571,691,799
952,438,428,490,264,372,471,413
953,531,569,431,318,443,566,695
954,1070,1125,855,1037,1075,1061,1041
955,1094,1089,817,1006,1055,1062,1042
956,448,437,257,249,373,472,431
957,443,397,272,356,467,473,326
958,1095,1090,818,1007,1056,1063,1043
959,732,651,756,634,693,758,346
960,888,995,690,813,932,945,1044
961,646,720,389,371,512,692,825
962,759,749,360,737,872,759,822
963,1093,1081,819,1008,1057,1064,1045
964,751,770,918,852,689,760,631
965,1092,1080,820,1009,1058,1065,1046
966,968,900,576,870,965,946,1047
967,701,557,473,667,767,693,464
968,967,904,577,871,966,947,1048
969,1116,1055,783,1021,1065,1066,1049
970,1117,1056,784,1022,1066,1067,1050
971,1126,1028,769,1110,1119,1068,1051
972,1127,1029,770,1111,1120,1069,1052
973,973,941,1095,1124,947,948,660
974,799,829,586,905,713,852,762
975,374,330,686,573,568,385,515
976,1072,1113,843,1095,1114,1070,1053
977,794,887,1087,810,867,853,901
978,707,545,901,1100,775,694,388
979,663,613,1115,628,633,695,636
980,456,422,198,538,628,474,340
981,830,866,991,948,926,854,908
982,459,500,652,641,567,475,545
983,966,908,578,872,967,949,1054
984,697,642,483,668,739,696,453
985,796,846,541,686,827,855,1055
986,642,578,809,540,452,697,512
987,772,665,336,951,1023,761,793
988,862,795,434,990,1050,856,881
989,644,575,656,435,554,698,623
990,1019,1085,931,957,1026,1071,1056
991,631,599,362,850,861,630,655
992,889,1004,691,814,933,950,1057
993,896,940,680,713,850,951,913
994,282,253,77,118,229,301,422
995,491,513,180,251,401,521,657
996,978,805,554,1119,1125,952,569
997,923,705,637,841,952,953,364
998,922,936,638,842,953,954,1058
999,1053,1043,880,982,1044,1072,1059
1000,568,458,720,1023,674,567,209
1001,803,810,1060,708,783,857,841
1002,705,678,458,928,910,699,761
1003,623,583,205,618,763,631,783
1004,380,295,64,403,555,386,559
1005,998,1127,1052,776,904,1073,1060
1006,726,777,751,579,665,762,699
1007,971,932,1101,1109,954,955,731
1008,529,421,430,319,444,568,298
1009,717,759,812,546,661,763,641
1010,785,761,1107,674,768,858,621
1011,1083,1072,829,1048,1080,1074,1061
1012,842,813,465,800,924,859,932
1013,945,889,595,896,989,956,768
1014,1015,1067,946,877,972,1075,1062
1015,959,921,1068,1049,916,957,826
1016,814,728,516,639,774,860,895
1017,1036,1015,913,946,1021,1076,1063
1018,734,610,421,513,672,764,803
1019,656,679,353,399,551,700,839
1020,1022,1066,920,915,1001,1077,1064
1021,898,923,681,714,851,958,878
1022,703,550,619,861,625,701,329
1023,805,796,524,581,733,861,741
1024,899,906,682,715,852,959,1065
1025,591,589,278,347,487,632,674
1026,900,907,683,716,853,960,1066
1027,1007,1008,947,878,973,1078,1067
1028,1084,1042,830,1050,1081,1079,1068
1029,1102,1075,800,1059,1088,1080,1069
1030,957,851,585,902,992,961,759
1031,758,744,1031,929,854,765,488
1032,1086,1105,821,1010,1059,1081,1070
1033,655,693,590,468,588,702,716
1034,405,386,120,182,315,428,647
1035,806,814,525,582,734,862,912
1036,654,684,354,400,552,703,851
1037,589,620,279,348,488,633,727
1038,592,617,280,349,489,634,884
1039,1025,1061,921,916,1002,1082,1071
1040,739,747,732,724,742,766,1072
1041,1026,1062,922,917,1003,1083,1073
1042,493,501,181,252,402,522,724
1043,1027,1052,923,918,1004,1084,1074
1044,657,653,355,401,553,704,830
1045,872,935,750,755,803,962,769
1046,952,913,593,864,964,963,931
1047,981,824,555,1120,1126,964,1075
1048,982,880,556,1121,1127,965,1076
1049,634,562,1030,963,779,635,532
1050,972,937,571,1087,1110,966,1077
1051,1055,857,881,983,1045,1085,1078
1052,688,544,270,642,776,705,350
1053,757,727,361,738,873,767,853
1054,1064,1109,872,973,1037,1086,1079
1055,1052,972,882,984,1046,1087,1080
1056,1128,1051,771,1112,1121,1088,1081
1057,810,775,616,933,785,863,786
1058,1108,1079,801,1060,1089,1089,1082
1059,883,925,704,679,819,967,919
1060,880,928,705,680,820,968,1083
1061,725,669,754,580,666,768,530
1062,890,930,1003,955,1012,969,835
1063,1066,969,856,1038,1076,1090,1084
1064,961,895,580,935,1014,970,1085
1065,690,631,267,664,808,706,688
1066,381,305,172,463,547,387,267
1067,733,648,745,635,730,769,448
1068,382,291,103,423,558,388,391
1069,691,675,474,733,813,707,626
1070,1074,1096,844,1096,1115,1091,1086
1071,1107,984,802,1061,1090,1092,1087
1072,792,688,552,552,699,864,365
1073,985,1106,1053,777,905,1093,1088
1074,886,938,915,956,788,971,886
1075,987,1038,1054,778,906,1094,1089
1076,1085,1059,831,1051,1082,1095,1090
1077,519,405,695,658,639,523,480
1078,965,885,1110,1011,999,972,1091
1079,766,537,357,670,810,770,366
1080,1119,1019,785,1024,1067,1096,1092
1081,1118,1017,786,1025,1068,1097,1093
1082,1120,1018,787,1026,1069,1098,1094
1083,765,625,358,671,811,771,622
1084,1078,1012,837,1086,1109,1099,1095
1085,950,867,992,996,804,973,889
1086,713,543,454,442,595,772,367
1087,875,786,706,681,821,974,1096
1088,874,785,707,682,822,975,1097
1089,944,890,1063,1081,931,976,899
1090,1016,966,948,879,974,1100,1098
1091,1087,1031,822,1012,1060,1101,1099
1092,997,1024,1055,779,907,1102,1100
1093,1088,1049,823,1013,1061,1103,1101
1094,949,882,993,997,805,977,869
1095,911,739,665,750,881,978,368
1096,804,792,526,583,735,865,789
1097,450,434,147,200,355,476,668
1098,1131,943,766,1130,1131,1104,1102
1099,887,950,692,815,934,979,1103
1100,1028,1030,924,919,1005,1105,1104
1101,1106,1040,803,1062,1091,1106,1105
1102,1103,845,804,1063,1092,1107,1106
1103,1017,999,949,880,975,1108,1107
1104,516,440,122,504,662,524,683
1105,988,1016,1056,780,908,1109,1108
1106,1024,1045,925,920,1006,1110,1109
1107,1129,1054,767,1125,1129,1111,1110
1108,1123,1021,772,1113,1122,1112,1111
1109,1124,1022,773,1114,1123,1113,1112
1110,1125,1023,774,1115,1124,1114,1113
1111,593,585,281,350,490,636,708
1112,891,876,693,816,935,980,870
1113,1023,1053,926,921,1007,1115,1114
1114,1089,1010,824,1014,1062,1116,1115
1115,1020,1098,932,958,1027,1117,1116
1116,1073,1074,845,1097,1116,1118,1117
1117,1104,960,805,1064,1093,1119,1118
1118,1105,964,806,1065,1094,1120,1119
1119,1012,1002,950,881,976,1121,1120
1120,1014,919,951,882,977,1122,1121
1121,1031,1005,914,947,1022,1123,1122
1122,980,784,557,1122,1128,981,858
1123,1071,1063,846,1098,1117,1124,1123
1124,1054,842,883,985,1047,1125,1124
1125,1132,1020,757,1132,1132,1126,1125
1126,1009,1013,952,883,978,1127,1126
1127,1122,1007,788,1027,1070,1128,1127
1128,1109,1006,807,1066,1095,1129,1128
1129,1018,957,953,884,979,1130,1129
1130,1121,955,789,1028,1071,1131,1130
1131,1006,959,954,885,980,1132,1131
1132,912,639,738,751,882,982,1132
